,loan_id,Applicant_income,Education,Loan_amount,Loan Term/Month,credit Score,Employment Type,Gender,Age,Approval Status
0,LN000,84566,Graduate,195826,48,75,Unemployed,Female,31,Approved
1,LN001,43524,None,179677,48,35,Employed,Male,38,Rejected
2,LN002,110480,None,345116,24,75,Self_employed,Female,27,Rejected
3,LN003,29908,Graduate,198518,48,104,Unemployed,Female,32,Approved
4,LN004,92839,Graduate,339902,24,158,Unemployed,Male,18,Approved
5,LN005,41167,Student,469674,24,54,Self_employed,Female,25,Rejected
6,LN006,80870,None,157375,12,61,Employed,Male,21,Approved
7,LN007,126724,Student,54677,60,88,Self_employed,Male,24,Approved
8,LN008,144588,None,231118,60,82,Self_employed,Male,28,Approved
9,LN009,128601,Graduate,320387,24,174,Self_employed,Male,32,Rejected
10,LN010,59182,Student,87837,24,138,Unemployed,Male,37,Rejected
11,LN011,51607,Graduate,22814,24,23,Unemployed,Female,27,Rejected
12,LN012,71719,Student,443315,12,58,Unemployed,Female,36,Rejected
13,LN013,54947,Student,34997,60,33,Self_employed,Female,35,Rejected
14,LN014,112515,Graduate,254936,24,178,Employed,Female,32,Approved
15,LN015,141170,Student,233582,48,86,Self_employed,Female,27,Approved
16,LN016,58907,Graduate,440087,12,134,Self_employed,Male,22,Approved
17,LN017,40116,None,434089,60,196,Employed,Female,37,Rejected
18,LN018,133511,Student,32137,12,186,Employed,Female,29,Rejected
19,LN019,123000,Student,435134,24,130,Unemployed,Female,37,Approved
20,LN020,32134,Graduate,311590,12,110,Self_employed,Male,22,Rejected
21,LN021,148001,None,10547,12,196,Employed,Male,19,Rejected
22,LN022,145047,Graduate,42638,48,123,Unemployed,Male,23,Rejected
23,LN023,45402,Graduate,293044,48,30,Unemployed,Male,34,Approved
24,LN024,35807,Graduate,296738,60,145,Self_employed,Female,29,Approved
25,LN025,132657,Student,128059,12,162,Employed,Male,18,Approved
26,LN026,43186,Graduate,402105,24,142,Self_employed,Male,28,Approved
27,LN027,148659,Student,55171,12,68,Self_employed,Male,23,Rejected
28,LN028,106213,Graduate,494365,12,139,Self_employed,Female,38,Approved
29,LN029,120535,Graduate,52409,48,12,Employed,Male,28,Approved
30,LN030,71746,Student,445129,24,53,Self_employed,Male,39,Rejected
31,LN031,95434,Student,410165,12,104,Employed,Male,34,Rejected
32,LN032,90861,None,388507,12,151,Employed,Female,38,Approved
33,LN033,110446,Student,250733,60,114,Self_employed,Female,23,Rejected
34,LN034,112915,None,50372,24,55,Self_employed,Male,38,Approved
35,LN035,28152,None,450457,48,187,Self_employed,Female,24,Approved
36,LN036,45526,Graduate,172338,48,163,Employed,Male,34,Rejected
37,LN037,126974,None,357685,12,156,Employed,Female,34,Approved
38,LN038,64674,Graduate,133362,24,26,Employed,Female,38,Rejected
39,LN039,35865,Graduate,289084,24,15,Self_employed,Female,39,Rejected
40,LN040,149676,Graduate,306075,12,19,Unemployed,Female,19,Rejected
41,LN041,64249,Student,422654,48,52,Self_employed,Female,35,Rejected
42,LN042,58792,Student,129309,24,56,Unemployed,Male,32,Rejected
43,LN043,127592,None,112946,12,111,Self_employed,Male,27,Approved
44,LN044,21371,None,114795,60,136,Unemployed,Male,31,Rejected
45,LN045,69071,None,131730,60,24,Unemployed,Male,21,Approved
46,LN046,88733,Student,414180,12,122,Self_employed,Female,39,Rejected
47,LN047,117250,Student,139612,24,119,Unemployed,Female,18,Rejected
48,LN048,108822,Graduate,77294,60,198,Self_employed,Female,34,Approved
49,LN049,64679,Graduate,152335,24,199,Self_employed,Male,33,Approved
50,LN050,147086,Student,439262,24,141,Employed,Female,33,Approved
51,LN051,134013,Student,223904,48,193,Self_employed,Female,22,Approved
52,LN052,40732,None,145828,48,46,Self_employed,Male,31,Approved
53,LN053,27941,None,258285,48,55,Unemployed,Male,34,Approved
54,LN054,71054,None,323123,12,105,Self_employed,Male,23,Approved
55,LN055,35160,Graduate,333175,60,18,Employed,Female,29,Rejected
56,LN056,103268,Student,370466,24,183,Unemployed,Female,29,Rejected
57,LN057,85376,None,134753,48,86,Employed,Female,37,Approved
58,LN058,56746,Graduate,146614,48,179,Employed,Female,30,Approved
59,LN059,127528,Student,214965,12,185,Unemployed,Female,34,Rejected
60,LN060,63042,None,288132,12,91,Unemployed,Male,32,Approved
61,LN061,124862,None,496796,24,158,Employed,Male,38,Rejected
62,LN062,117190,None,320761,12,141,Employed,Female,23,Approved
63,LN063,112270,Graduate,414647,12,20,Unemployed,Female,23,Approved
64,LN064,93007,Graduate,258190,24,109,Unemployed,Female,23,Rejected
65,LN065,89397,Student,472333,24,23,Unemployed,Female,37,Approved
66,LN066,50904,None,360984,48,35,Employed,Male,25,Rejected
67,LN067,62123,Graduate,387965,48,176,Unemployed,Female,18,Approved
68,LN068,82057,None,195809,24,50,Self_employed,Female,38,Rejected
69,LN069,142007,Student,39760,24,114,Unemployed,Female,22,Rejected
70,LN070,21187,Graduate,319253,24,85,Employed,Male,34,Rejected
71,LN071,119317,Graduate,258372,48,73,Unemployed,Male,30,Approved
72,LN072,137586,None,217429,48,158,Self_employed,Female,20,Rejected
73,LN073,138922,Student,469344,24,115,Self_employed,Male,23,Approved
74,LN074,76485,Graduate,173186,24,80,Employed,Female,24,Approved
75,LN075,147035,Student,34413,60,121,Self_employed,Male,29,Approved
76,LN076,114532,None,231989,60,173,Employed,Female,38,Rejected
77,LN077,37342,None,350953,48,171,Self_employed,Male,25,Rejected
78,LN078,50989,Graduate,361343,12,179,Employed,Male,26,Approved
79,LN079,22311,Student,251231,24,88,Self_employed,Female,31,Rejected
80,LN080,123358,Student,265563,24,190,Employed,Female,31,Approved
81,LN081,139149,Graduate,392824,60,106,Unemployed,Male,25,Rejected
82,LN082,70475,None,118875,60,116,Self_employed,Female,34,Approved
83,LN083,67566,Graduate,355255,48,164,Self_employed,Female,39,Rejected
84,LN084,51078,Graduate,121792,12,151,Employed,Female,33,Approved
85,LN085,97981,Graduate,227637,48,199,Self_employed,Female,21,Approved
86,LN086,44948,Graduate,309960,60,88,Unemployed,Female,29,Approved
87,LN087,96429,None,451722,12,42,Self_employed,Male,25,Rejected
88,LN088,109920,Student,151366,12,40,Employed,Female,39,Rejected
89,LN089,68939,Student,59937,12,162,Unemployed,Female,31,Rejected
90,LN090,47900,None,497633,24,12,Unemployed,Female,36,Rejected
91,LN091,73511,None,371847,60,159,Employed,Female,33,Rejected
92,LN092,86528,Student,301420,60,126,Employed,Male,36,Rejected
93,LN093,93124,Graduate,263402,24,90,Employed,Female,30,Approved
94,LN094,45888,None,158345,60,141,Employed,Female,37,Rejected
95,LN095,85581,Student,150766,12,106,Employed,Female,19,Rejected
96,LN096,22109,Student,480309,48,40,Self_employed,Female,21,Approved
97,LN097,100137,Student,361160,60,36,Employed,Male,21,Rejected
98,LN098,88926,Student,176202,60,156,Employed,Female,23,Approved
99,LN099,102282,Graduate,485192,60,124,Self_employed,Female,27,Approved
100,LN100,59325,Student,240798,48,169,Self_employed,Male,21,Rejected
101,LN101,119766,None,446496,12,189,Self_employed,Male,18,Rejected
102,LN102,114007,Graduate,180462,48,153,Self_employed,Male,24,Rejected
103,LN103,101632,Student,127165,60,113,Unemployed,Male,19,Rejected
104,LN104,92928,Student,276017,48,57,Self_employed,Male,31,Rejected
105,LN105,106518,None,153610,24,137,Unemployed,Female,29,Approved
106,LN106,129942,Student,477681,12,90,Self_employed,Female,26,Approved
107,LN107,40159,Student,159063,24,22,Unemployed,Male,36,Rejected
108,LN108,145667,Student,462125,60,174,Self_employed,Male,23,Rejected
109,LN109,88748,Graduate,355717,24,161,Employed,Male,29,Approved
110,LN110,90418,Student,56159,12,26,Unemployed,Female,34,Approved
111,LN111,72898,None,382380,48,115,Unemployed,Female,33,Approved
112,LN112,132269,Graduate,378253,12,135,Unemployed,Female,18,Approved
113,LN113,78452,Student,378281,60,109,Unemployed,Male,26,Rejected
114,LN114,82349,Graduate,166173,24,59,Unemployed,Female,30,Approved
115,LN115,57894,Student,25406,12,91,Self_employed,Female,21,Rejected
116,LN116,85501,None,178620,60,72,Self_employed,Male,38,Rejected
117,LN117,85214,None,260632,12,37,Self_employed,Male,22,Approved
118,LN118,48312,Graduate,69547,60,110,Unemployed,Female,25,Approved
119,LN119,131034,Graduate,122087,60,123,Self_employed,Female,29,Rejected
120,LN120,63790,None,413783,60,195,Self_employed,Male,19,Rejected
121,LN121,82847,None,399660,12,169,Unemployed,Male,20,Rejected
122,LN122,59338,Student,126741,60,50,Employed,Female,22,Rejected
123,LN123,134427,Student,108790,48,27,Employed,Female,24,Rejected
124,LN124,111307,Student,339623,24,77,Employed,Male,32,Rejected
125,LN125,133138,Student,270585,12,164,Unemployed,Female,24,Approved
126,LN126,90387,Student,22405,24,143,Unemployed,Male,31,Approved
127,LN127,47492,Student,479256,48,132,Self_employed,Male,36,Approved
128,LN128,136806,None,49122,60,67,Unemployed,Female,32,Rejected
129,LN129,94514,Student,44997,48,71,Unemployed,Female,38,Rejected
130,LN130,94913,None,317055,12,102,Self_employed,Male,31,Rejected
131,LN131,128031,Student,62818,48,89,Self_employed,Male,31,Rejected
132,LN132,112494,Graduate,118183,48,18,Employed,Male,27,Approved
133,LN133,112882,Student,35143,24,44,Unemployed,Male,29,Approved
134,LN134,88162,Graduate,279853,24,196,Employed,Male,29,Approved
135,LN135,118756,None,484493,12,154,Unemployed,Female,27,Approved
136,LN136,50669,Graduate,290038,60,174,Self_employed,Male,37,Approved
137,LN137,128169,Student,147539,12,127,Unemployed,Female,26,Rejected
138,LN138,105000,Graduate,242856,48,24,Unemployed,Male,22,Rejected
139,LN139,24862,Student,476363,12,177,Self_employed,Female,39,Rejected
140,LN140,83144,Graduate,417376,24,132,Self_employed,Male,34,Approved
141,LN141,51871,Graduate,40399,24,49,Unemployed,Male,18,Approved
142,LN142,135421,Student,118304,48,29,Unemployed,Female,18,Rejected
143,LN143,84521,None,175874,24,13,Unemployed,Female,24,Approved
144,LN144,143077,Student,383001,12,197,Employed,Female,19,Rejected
145,LN145,38662,None,324177,48,190,Self_employed,Male,22,Rejected
146,LN146,94988,None,435231,60,19,Unemployed,Female,29,Rejected
147,LN147,99211,Graduate,166219,60,146,Unemployed,Male,21,Rejected
148,LN148,123459,None,193708,60,87,Unemployed,Male,25,Approved
149,LN149,46674,Student,469007,24,160,Employed,Female,31,Approved
150,LN150,58693,None,195185,12,58,Employed,Male,18,Approved
151,LN151,66536,Graduate,364494,24,167,Self_employed,Female,26,Rejected
152,LN152,58513,Graduate,430064,24,89,Unemployed,Female,28,Rejected
153,LN153,67626,None,163930,24,54,Self_employed,Female,20,Rejected
154,LN154,61207,Graduate,88508,24,172,Unemployed,Female,28,Approved
155,LN155,42040,None,74166,60,174,Self_employed,Male,36,Approved
156,LN156,131110,Graduate,242620,60,45,Self_employed,Female,36,Approved
157,LN157,141512,None,440798,24,32,Employed,Male,35,Approved
158,LN158,141023,None,333201,60,123,Unemployed,Female,33,Approved
159,LN159,68809,Graduate,300757,24,57,Unemployed,Male,24,Rejected
160,LN160,101659,Student,59130,48,101,Self_employed,Female,22,Approved
161,LN161,136158,Student,433713,24,85,Unemployed,Female,35,Rejected
162,LN162,64055,Student,223443,60,121,Unemployed,Male,19,Approved
163,LN163,45634,Graduate,461476,12,150,Unemployed,Female,20,Approved
164,LN164,57516,Graduate,386045,12,188,Unemployed,Female,22,Approved
165,LN165,38668,Student,433191,12,96,Self_employed,Female,32,Rejected
166,LN166,43352,Student,121435,12,182,Self_employed,Female,32,Approved
167,LN167,127905,None,491780,12,105,Employed,Female,19,Approved
168,LN168,75696,Graduate,215061,60,129,Self_employed,Male,19,Rejected
169,LN169,85659,Student,95693,48,47,Unemployed,Female,19,Approved
170,LN170,87197,Graduate,128276,24,147,Employed,Male,18,Approved
171,LN171,82453,Student,146409,24,77,Employed,Male,33,Approved
172,LN172,103580,Graduate,51488,48,198,Unemployed,Female,33,Rejected
173,LN173,74558,Student,79100,24,118,Self_employed,Female,26,Approved
174,LN174,64378,None,332718,60,101,Employed,Male,39,Rejected
175,LN175,51840,Graduate,186716,60,171,Self_employed,Female,21,Approved
176,LN176,73245,Student,33672,60,48,Self_employed,Female,37,Approved
177,LN177,56550,None,285637,60,64,Unemployed,Female,38,Rejected
178,LN178,149789,Graduate,203354,48,33,Employed,Male,35,Rejected
179,LN179,100095,Graduate,76927,12,52,Self_employed,Male,33,Approved
180,LN180,82422,Graduate,274404,60,145,Self_employed,Female,27,Rejected
181,LN181,50484,Graduate,482802,12,101,Self_employed,Male,27,Approved
182,LN182,35919,Graduate,369076,60,102,Self_employed,Male,34,Approved
183,LN183,143358,Student,288015,12,95,Self_employed,Female,28,Rejected
184,LN184,111289,Student,129995,12,140,Unemployed,Male,38,Rejected
185,LN185,43493,Graduate,135863,24,32,Self_employed,Male,32,Rejected
186,LN186,116316,None,200993,60,12,Self_employed,Male,33,Approved
187,LN187,73447,Student,194075,12,10,Employed,Female,20,Rejected
188,LN188,81479,Student,306940,48,157,Unemployed,Female,18,Approved
189,LN189,60225,None,139701,60,17,Unemployed,Female,22,Approved
190,LN190,122600,Graduate,496496,24,59,Unemployed,Female,38,Approved
191,LN191,35239,None,332969,12,134,Employed,Male,21,Rejected
192,LN192,137448,Graduate,149153,24,173,Employed,Female,26,Approved
193,LN193,88164,Student,472712,48,30,Self_employed,Male,27,Approved
194,LN194,143151,None,476297,60,118,Unemployed,Male,30,Rejected
195,LN195,42723,Student,91636,12,136,Self_employed,Male,21,Approved
196,LN196,36703,Graduate,52572,24,95,Self_employed,Male,29,Approved
197,LN197,88890,Graduate,471516,60,161,Employed,Female,30,Rejected
198,LN198,116265,None,424087,12,148,Employed,Female,39,Approved
199,LN199,135156,Student,490744,60,102,Self_employed,Female,31,Approved
200,LN200,86289,Graduate,422349,60,199,Employed,Male,18,Approved
201,LN201,24875,Graduate,75178,60,37,Self_employed,Female,37,Approved
202,LN202,93824,Graduate,354513,12,108,Self_employed,Female,33,Approved
203,LN203,54335,Student,65576,48,13,Employed,Female,34,Rejected
204,LN204,85164,Student,139468,24,44,Unemployed,Female,29,Rejected
205,LN205,93258,None,187071,60,29,Self_employed,Female,38,Rejected
206,LN206,42248,Student,444346,24,36,Employed,Male,35,Approved
207,LN207,77321,Student,174649,48,171,Employed,Male,30,Approved
208,LN208,51807,Student,196050,60,152,Employed,Female,22,Rejected
209,LN209,74436,None,182878,24,170,Unemployed,Male,28,Approved
210,LN210,59488,Graduate,206018,24,186,Self_employed,Male,33,Rejected
211,LN211,39427,Student,184322,60,85,Self_employed,Male,19,Rejected
212,LN212,30619,Graduate,196631,48,170,Unemployed,Male,24,Rejected
213,LN213,29548,None,103087,12,128,Employed,Female,32,Approved
214,LN214,31608,Graduate,184653,48,129,Employed,Male,32,Approved
215,LN215,47529,Student,421910,24,61,Employed,Male,28,Rejected
216,LN216,47481,None,79056,48,85,Self_employed,Female,38,Rejected
217,LN217,98532,Graduate,284261,60,21,Employed,Female,29,Rejected
218,LN218,35679,None,361846,24,22,Unemployed,Male,23,Rejected
219,LN219,143329,Graduate,49725,12,35,Unemployed,Female,19,Approved
220,LN220,49799,Graduate,202407,48,120,Employed,Female,18,Rejected
221,LN221,109976,Graduate,169068,48,176,Self_employed,Female,31,Rejected
222,LN222,137825,Student,174689,48,15,Unemployed,Male,33,Rejected
223,LN223,121873,Student,374589,12,198,Employed,Female,25,Rejected
224,LN224,25837,None,142906,60,53,Self_employed,Male,28,Approved
225,LN225,30839,Student,121268,12,96,Self_employed,Female,21,Approved
226,LN226,40315,Graduate,201405,24,65,Self_employed,Male,21,Approved
227,LN227,23235,Graduate,430494,60,87,Unemployed,Male,35,Rejected
228,LN228,104431,Graduate,271008,24,64,Employed,Male,26,Approved
229,LN229,141338,Student,325505,24,80,Self_employed,Female,23,Rejected
230,LN230,130025,None,422914,60,168,Employed,Female,25,Rejected
231,LN231,86169,Graduate,195691,48,191,Self_employed,Female,26,Approved
232,LN232,86883,Graduate,67758,12,156,Employed,Female,34,Approved
233,LN233,132730,None,19267,12,67,Employed,Female,35,Approved
234,LN234,127034,Student,472499,24,50,Self_employed,Female,24,Rejected
235,LN235,94621,Graduate,411505,60,17,Employed,Female,26,Approved
236,LN236,138856,None,90280,24,117,Unemployed,Female,18,Rejected
237,LN237,128925,None,491260,12,149,Employed,Male,20,Approved
238,LN238,127715,Student,354718,48,127,Self_employed,Female,18,Rejected
239,LN239,42893,None,367182,12,104,Employed,Female,32,Approved
240,LN240,91721,Student,491046,60,146,Self_employed,Male,21,Approved
241,LN241,75505,Graduate,255290,12,107,Employed,Male,31,Rejected
242,LN242,103209,Graduate,233889,12,163,Unemployed,Male,27,Rejected
243,LN243,76272,None,392863,48,146,Employed,Female,30,Rejected
244,LN244,70692,Student,271269,48,92,Unemployed,Male,25,Approved
245,LN245,75148,Graduate,303287,60,118,Unemployed,Male,21,Approved
246,LN246,85851,Graduate,103147,12,78,Employed,Female,37,Rejected
247,LN247,75328,Graduate,481925,60,48,Unemployed,Male,33,Approved
248,LN248,94128,Graduate,170349,12,96,Self_employed,Female,27,Approved
249,LN249,108428,Student,36208,12,77,Unemployed,Female,25,Approved
250,LN250,45680,Graduate,472534,12,54,Unemployed,Female,23,Approved
251,LN251,146895,Graduate,151053,48,78,Employed,Male,29,Approved
252,LN252,90450,Student,199274,60,123,Unemployed,Female,30,Approved
253,LN253,145705,None,108336,60,145,Employed,Male,25,Approved
254,LN254,149306,None,87944,12,165,Employed,Male,29,Rejected
255,LN255,148122,Graduate,135272,12,61,Employed,Female,38,Rejected
256,LN256,60196,None,141310,12,79,Unemployed,Male,30,Rejected
257,LN257,138357,Student,188320,12,31,Unemployed,Male,23,Approved
258,LN258,117964,None,87024,60,22,Unemployed,Male,38,Rejected
259,LN259,86331,Student,276468,60,135,Unemployed,Female,34,Rejected
260,LN260,143208,Student,172977,24,134,Self_employed,Male,24,Rejected
261,LN261,109818,Graduate,430460,60,116,Self_employed,Male,37,Rejected
262,LN262,94012,Student,306556,48,196,Self_employed,Male,31,Approved
263,LN263,100297,Student,153860,48,20,Self_employed,Female,34,Rejected
264,LN264,109480,Student,219725,24,42,Self_employed,Female,29,Approved
265,LN265,74032,Student,339673,24,116,Employed,Male,29,Rejected
266,LN266,127645,Student,489335,24,40,Unemployed,Male,39,Approved
267,LN267,112629,Student,18556,24,193,Unemployed,Male,22,Approved
268,LN268,133123,Graduate,248446,48,44,Unemployed,Female,18,Rejected
269,LN269,103005,Student,293110,48,58,Unemployed,Male,37,Rejected
270,LN270,39694,None,378531,24,134,Employed,Male,22,Rejected
271,LN271,34508,Student,162267,60,141,Employed,Female,27,Approved
272,LN272,107331,Graduate,319658,24,91,Employed,Female,22,Rejected
273,LN273,106047,Graduate,66050,24,160,Self_employed,Male,34,Rejected
274,LN274,127213,None,319800,48,119,Self_employed,Male,37,Rejected
275,LN275,141688,Student,13124,24,114,Unemployed,Female,24,Approved
276,LN276,37738,Graduate,230118,24,40,Self_employed,Female,32,Rejected
277,LN277,35945,Graduate,293406,48,86,Self_employed,Male,29,Approved
278,LN278,132124,Graduate,309590,24,125,Unemployed,Male,21,Approved
279,LN279,95706,None,64336,12,126,Employed,Male,39,Rejected
280,LN280,50477,Graduate,464800,12,104,Employed,Female,29,Rejected
281,LN281,79288,Student,293653,60,173,Self_employed,Male,33,Approved
282,LN282,63893,Student,464143,12,188,Unemployed,Male,24,Approved
283,LN283,57591,Graduate,44264,48,57,Employed,Male,32,Approved
284,LN284,87861,None,20717,12,102,Employed,Male,37,Rejected
285,LN285,90303,Student,445933,12,167,Employed,Male,22,Approved
286,LN286,87504,Graduate,127789,12,108,Unemployed,Female,35,Approved
287,LN287,32067,Student,329948,24,19,Employed,Female,24,Approved
288,LN288,136260,Student,52563,24,153,Employed,Female,33,Rejected
289,LN289,142103,Graduate,30272,60,35,Employed,Female,18,Rejected
290,LN290,42704,None,413058,12,28,Self_employed,Female,19,Approved
291,LN291,27867,Student,456598,48,136,Self_employed,Female,28,Approved
292,LN292,111668,Graduate,202668,48,198,Employed,Male,28,Rejected
293,LN293,61624,None,344882,48,75,Self_employed,Male,27,Rejected
294,LN294,66175,Graduate,213368,12,197,Employed,Male,37,Approved
295,LN295,46342,None,93597,12,32,Self_employed,Female,34,Rejected
296,LN296,51007,Graduate,168936,24,135,Employed,Female,31,Rejected
297,LN297,138041,Student,266756,48,143,Employed,Male,23,Approved
298,LN298,53733,None,13047,60,55,Unemployed,Female,21,Approved
299,LN299,61910,None,12587,12,26,Unemployed,Male,20,Approved
300,LN300,116989,Graduate,495338,12,149,Self_employed,Female,38,Rejected
301,LN301,52097,None,150585,48,33,Self_employed,Female,19,Approved
302,LN302,76875,Graduate,391389,12,45,Unemployed,Male,21,Rejected
303,LN303,62040,None,143778,60,145,Employed,Male,36,Rejected
304,LN304,32419,None,257049,12,17,Employed,Male,29,Rejected
305,LN305,86912,None,423127,60,43,Employed,Female,22,Rejected
306,LN306,60308,None,395828,60,178,Employed,Male,30,Rejected
307,LN307,59850,None,408585,60,187,Unemployed,Female,23,Approved
308,LN308,45188,Graduate,354434,12,142,Self_employed,Male,28,Rejected
309,LN309,109909,Student,225706,12,187,Unemployed,Female,20,Rejected
310,LN310,87729,Graduate,127811,12,14,Unemployed,Male,35,Approved
311,LN311,118390,Student,345199,24,118,Self_employed,Male,18,Rejected
312,LN312,54892,Graduate,152658,24,15,Employed,Male,33,Approved
313,LN313,70331,None,274520,60,128,Self_employed,Male,34,Rejected
314,LN314,98554,Student,353405,60,191,Employed,Male,20,Rejected
315,LN315,65488,Graduate,172154,12,40,Self_employed,Male,33,Rejected
316,LN316,65268,Student,232174,60,104,Unemployed,Female,27,Approved
317,LN317,57102,Student,28654,48,81,Employed,Male,28,Approved
318,LN318,91472,Student,27099,48,52,Unemployed,Female,32,Rejected
319,LN319,137832,Graduate,473727,12,52,Employed,Male,37,Rejected
320,LN320,143975,Student,117185,12,122,Employed,Male,37,Rejected
321,LN321,124558,None,150840,12,83,Unemployed,Male,30,Approved
322,LN322,134566,Graduate,70773,60,123,Self_employed,Male,29,Rejected
323,LN323,102526,Graduate,258453,48,30,Self_employed,Female,27,Rejected
324,LN324,120546,Student,411414,60,159,Employed,Male,26,Approved
325,LN325,91489,Student,115242,24,19,Employed,Male,29,Approved
326,LN326,137023,Graduate,29585,12,89,Employed,Male,29,Rejected
327,LN327,49760,Student,282123,24,168,Unemployed,Female,26,Approved
328,LN328,130064,None,233538,48,42,Self_employed,Male,31,Approved
329,LN329,79761,Graduate,456652,24,119,Self_employed,Female,23,Rejected
330,LN330,109640,Student,432750,24,118,Employed,Male,27,Rejected
331,LN331,70203,Graduate,358561,24,34,Employed,Female,31,Approved
332,LN332,145229,Graduate,60779,12,28,Self_employed,Female,25,Rejected
333,LN333,124681,Student,467943,24,93,Self_employed,Female,20,Approved
334,LN334,137927,Graduate,410750,48,51,Self_employed,Female,36,Approved
335,LN335,119295,Graduate,483491,24,156,Self_employed,Female,36,Approved
336,LN336,55899,Graduate,468280,24,89,Unemployed,Female,26,Approved
337,LN337,107316,Student,273252,12,61,Employed,Female,37,Rejected
338,LN338,96893,None,439517,12,142,Self_employed,Female,35,Rejected
339,LN339,32257,Graduate,239440,24,137,Employed,Male,27,Approved
340,LN340,73700,Student,442077,12,29,Employed,Male,39,Approved
341,LN341,101352,None,451743,24,174,Employed,Male,32,Approved
342,LN342,67982,Graduate,299158,60,143,Self_employed,Female,30,Approved
343,LN343,54180,Graduate,100556,48,102,Unemployed,Male,27,Approved
344,LN344,72958,Student,388515,60,132,Self_employed,Male,18,Rejected
345,LN345,40488,Graduate,183962,12,180,Unemployed,Male,33,Approved
346,LN346,87292,Student,48432,48,167,Unemployed,Female,36,Rejected
347,LN347,86413,None,259958,60,11,Unemployed,Male,35,Rejected
348,LN348,82146,Graduate,294701,48,98,Self_employed,Male,37,Rejected
349,LN349,142697,Student,226064,48,32,Self_employed,Male,23,Rejected
350,LN350,71396,Student,461783,60,109,Self_employed,Male,33,Rejected
351,LN351,105317,Graduate,28756,60,58,Unemployed,Male,33,Approved
352,LN352,32561,Student,494280,12,21,Self_employed,Male,23,Rejected
353,LN353,51944,Graduate,201560,60,126,Employed,Male,24,Approved
354,LN354,102686,None,494207,48,159,Employed,Male,32,Approved
355,LN355,131194,Graduate,413280,60,48,Self_employed,Male,32,Rejected
356,LN356,110052,None,63627,24,192,Employed,Female,39,Approved
357,LN357,123356,Graduate,110741,60,49,Self_employed,Female,33,Rejected
358,LN358,120240,Student,159560,12,160,Unemployed,Female,20,Approved
359,LN359,113058,Graduate,210421,24,140,Self_employed,Male,34,Approved
360,LN360,102207,None,348529,24,166,Unemployed,Male,22,Approved
361,LN361,30035,None,192264,12,123,Employed,Male,24,Approved
362,LN362,32050,Student,467513,60,144,Employed,Male,21,Rejected
363,LN363,57221,Graduate,140491,48,103,Self_employed,Male,23,Approved
364,LN364,107256,None,64877,48,89,Self_employed,Male,31,Approved
365,LN365,128884,None,361622,12,198,Employed,Male,28,Rejected
366,LN366,39133,Student,354948,48,107,Self_employed,Female,24,Approved
367,LN367,45081,Graduate,252228,60,31,Self_employed,Female,18,Rejected
368,LN368,41092,Graduate,232108,12,36,Unemployed,Male,30,Approved
369,LN369,106599,Graduate,20619,60,36,Self_employed,Male,31,Rejected
370,LN370,134980,Graduate,41862,48,44,Self_employed,Female,22,Approved
371,LN371,29285,Graduate,311487,24,44,Unemployed,Male,32,Rejected
372,LN372,46830,Student,17759,60,88,Self_employed,Male,30,Rejected
373,LN373,113365,Graduate,484204,12,37,Unemployed,Female,39,Approved
374,LN374,36299,Graduate,455116,24,119,Unemployed,Male,39,Rejected
375,LN375,123399,None,65953,60,71,Unemployed,Male,29,Approved
376,LN376,142859,Student,329182,24,47,Self_employed,Male,27,Rejected
377,LN377,59178,Student,347448,60,56,Self_employed,Male,38,Rejected
378,LN378,121019,Graduate,176946,48,123,Self_employed,Male,22,Rejected
379,LN379,53930,None,168580,24,130,Self_employed,Male,36,Rejected
380,LN380,125077,Student,129512,12,44,Unemployed,Female,28,Approved
381,LN381,37629,Graduate,475385,12,187,Self_employed,Female,25,Rejected
382,LN382,28969,Student,80603,12,77,Employed,Female,33,Approved
383,LN383,51775,Graduate,69987,48,57,Employed,Male,38,Approved
384,LN384,113316,None,282259,12,183,Self_employed,Female,27,Rejected
385,LN385,98552,Graduate,280231,60,136,Unemployed,Male,33,Rejected
386,LN386,134416,Student,310609,60,35,Unemployed,Male,18,Approved
387,LN387,95799,Graduate,225601,48,63,Self_employed,Male,38,Rejected
388,LN388,125480,Student,129236,24,188,Employed,Male,18,Rejected
389,LN389,86011,None,337797,60,27,Self_employed,Female,32,Rejected
390,LN390,74611,Student,440213,48,28,Unemployed,Female,25,Approved
391,LN391,62414,None,384674,12,102,Employed,Male,34,Rejected
392,LN392,89477,Graduate,244403,24,144,Self_employed,Female,39,Rejected
393,LN393,80393,Graduate,95671,12,19,Employed,Female,28,Approved
394,LN394,97908,Student,183507,48,177,Employed,Male,29,Approved
395,LN395,66021,None,153857,48,52,Employed,Male,19,Rejected
396,LN396,55633,Graduate,59810,48,78,Employed,Male,19,Rejected
397,LN397,27000,Student,134632,24,100,Unemployed,Male,35,Rejected
398,LN398,125607,None,475783,60,127,Unemployed,Male,36,Rejected
399,LN399,80828,None,214388,24,120,Unemployed,Female,27,Rejected
400,LN400,64556,Student,57387,60,167,Self_employed,Male,19,Approved
401,LN401,101450,None,239688,60,93,Self_employed,Female,28,Approved
402,LN402,149209,Student,16534,12,167,Unemployed,Male,34,Approved
403,LN403,110380,Student,390206,60,128,Unemployed,Male,24,Rejected
404,LN404,59260,Graduate,166707,12,110,Employed,Female,38,Approved
405,LN405,136890,Student,227302,24,54,Employed,Female,36,Approved
406,LN406,104125,Graduate,318726,24,14,Employed,Female,19,Approved
407,LN407,125895,None,86076,48,20,Self_employed,Male,34,Rejected
408,LN408,21140,None,419765,48,158,Unemployed,Male,27,Approved
409,LN409,122863,Graduate,444573,12,125,Unemployed,Female,34,Approved
410,LN410,129375,Student,68602,12,47,Employed,Male,21,Approved
411,LN411,22271,Student,47042,24,25,Self_employed,Female,32,Approved
412,LN412,36389,Graduate,348548,48,129,Employed,Female,30,Rejected
413,LN413,103187,Student,273371,60,185,Unemployed,Female,34,Rejected
414,LN414,25703,Student,476952,48,98,Employed,Male,26,Approved
415,LN415,107011,Graduate,380003,24,133,Self_employed,Female,38,Approved
416,LN416,62518,Graduate,281027,60,33,Self_employed,Male,31,Rejected
417,LN417,84810,Student,143400,24,187,Employed,Male,28,Rejected
418,LN418,70002,None,356685,48,95,Unemployed,Female,20,Rejected
419,LN419,102411,Student,51368,24,127,Employed,Male,23,Rejected
420,LN420,56297,None,204461,24,97,Unemployed,Female,39,Rejected
421,LN421,24956,None,172352,24,86,Employed,Female,25,Rejected
422,LN422,53144,None,321475,12,39,Employed,Female,39,Rejected
423,LN423,90891,Student,288138,12,84,Self_employed,Female,27,Approved
424,LN424,118803,None,489817,48,24,Self_employed,Female,24,Approved
425,LN425,23732,Graduate,305465,60,31,Employed,Female,25,Approved
426,LN426,116049,None,125263,24,98,Unemployed,Male,22,Approved
427,LN427,88857,Student,313617,24,174,Unemployed,Female,33,Rejected
428,LN428,104338,Graduate,247379,48,79,Employed,Female,18,Approved
429,LN429,33519,Student,172953,24,134,Unemployed,Male,30,Rejected
430,LN430,29353,Graduate,425801,48,161,Employed,Male,31,Rejected
431,LN431,74283,Student,273890,24,189,Unemployed,Female,36,Rejected
432,LN432,114271,None,449118,48,187,Self_employed,Female,38,Rejected
433,LN433,51012,None,199268,12,154,Employed,Female,32,Rejected
434,LN434,61572,Graduate,415266,12,112,Unemployed,Female,23,Rejected
435,LN435,144550,Graduate,261832,12,77,Self_employed,Female,39,Rejected
436,LN436,49781,None,200011,24,17,Unemployed,Male,37,Rejected
437,LN437,82378,Student,367298,24,193,Self_employed,Male,31,Approved
438,LN438,124958,Graduate,444124,12,133,Employed,Male,35,Approved
439,LN439,107948,Student,336147,12,90,Employed,Male,25,Rejected
440,LN440,125218,Student,362916,48,181,Employed,Female,23,Rejected
441,LN441,46188,Student,365477,24,42,Employed,Male,20,Rejected
442,LN442,122694,Graduate,486351,60,60,Self_employed,Male,30,Rejected
443,LN443,139617,None,336535,24,164,Employed,Male,23,Approved
444,LN444,111031,None,157222,24,186,Employed,Male,33,Rejected
445,LN445,99835,None,64040,60,33,Employed,Male,34,Rejected
446,LN446,42934,Graduate,264421,12,115,Self_employed,Female,30,Rejected
447,LN447,125560,Student,454369,48,75,Employed,Female,33,Approved
448,LN448,55519,Student,85994,12,48,Unemployed,Female,20,Rejected
449,LN449,121806,None,448486,12,111,Unemployed,Female,38,Approved
450,LN450,26190,Graduate,387954,48,16,Unemployed,Female,29,Approved
451,LN451,113331,None,389853,48,186,Employed,Male,20,Approved
452,LN452,61234,None,292558,24,134,Self_employed,Male,24,Rejected
453,LN453,105484,None,370503,24,111,Employed,Male,33,Rejected
454,LN454,95110,Student,138530,12,131,Employed,Male,22,Rejected
455,LN455,40764,Graduate,94558,60,92,Self_employed,Female,35,Rejected
456,LN456,142521,None,262439,12,20,Unemployed,Female,25,Rejected
457,LN457,102047,Graduate,258973,24,46,Employed,Male,39,Rejected
458,LN458,74502,Student,445530,60,121,Unemployed,Female,22,Rejected
459,LN459,56678,None,438392,48,134,Self_employed,Female,18,Approved
460,LN460,61451,None,171874,24,89,Self_employed,Male,18,Approved
461,LN461,81299,Student,467322,48,73,Self_employed,Male,26,Approved
462,LN462,124779,None,161262,48,13,Self_employed,Male,18,Rejected
463,LN463,109256,Student,313831,24,158,Employed,Male,35,Rejected
464,LN464,35688,Graduate,339743,12,90,Self_employed,Male,33,Approved
465,LN465,43288,Graduate,80503,60,21,Unemployed,Female,25,Rejected
466,LN466,59997,None,483054,60,66,Unemployed,Male,37,Rejected
467,LN467,85005,Student,249322,60,138,Self_employed,Male,23,Rejected
468,LN468,52742,Graduate,169535,48,50,Unemployed,Male,29,Approved
469,LN469,113824,Graduate,359467,60,111,Self_employed,Male,19,Approved
470,LN470,24497,Graduate,443161,24,50,Employed,Male,36,Rejected
471,LN471,104061,Student,46257,12,59,Unemployed,Male,29,Approved
472,LN472,44749,Student,399679,60,129,Employed,Female,18,Rejected
473,LN473,88173,None,42399,24,191,Self_employed,Male,29,Approved
474,LN474,76385,Student,143987,48,17,Employed,Female,25,Rejected
475,LN475,96426,Graduate,291518,24,75,Self_employed,Male,28,Approved
476,LN476,22229,Student,114286,24,167,Self_employed,Male,22,Rejected
477,LN477,63473,None,16781,12,43,Self_employed,Male,24,Approved
478,LN478,34146,None,254668,48,77,Employed,Male,26,Rejected
479,LN479,73556,Student,68618,24,160,Unemployed,Male,21,Approved
480,LN480,82470,None,472646,48,173,Self_employed,Male,34,Approved
481,LN481,26851,Student,285728,12,70,Unemployed,Female,26,Approved
482,LN482,41238,Student,118402,24,13,Self_employed,Female,33,Approved
483,LN483,47303,Student,92915,12,158,Self_employed,Male,34,Rejected
484,LN484,116271,Student,153335,12,131,Self_employed,Female,20,Rejected
485,LN485,115116,Graduate,24283,24,179,Self_employed,Female,18,Approved
486,LN486,96655,Student,204692,12,56,Unemployed,Male,28,Rejected
487,LN487,24968,None,333611,48,194,Employed,Male,32,Approved
488,LN488,58614,Student,432089,48,56,Self_employed,Female,23,Rejected
489,LN489,79055,Graduate,40487,24,166,Employed,Female,35,Approved
490,LN490,145871,Graduate,24597,12,135,Employed,Female,33,Approved
491,LN491,129374,Student,74129,12,97,Employed,Male,22,Approved
492,LN492,118534,Student,10916,60,60,Self_employed,Male,39,Approved
493,LN493,59533,Graduate,363348,60,17,Unemployed,Female,19,Approved
494,LN494,148222,None,88577,48,193,Unemployed,Female,38,Rejected
495,LN495,110472,Graduate,72545,48,128,Unemployed,Female,25,Rejected
496,LN496,129357,Student,219451,60,139,Unemployed,Female,29,Approved
497,LN497,102397,Graduate,399123,24,64,Employed,Female,27,Approved
498,LN498,65024,Graduate,330250,60,120,Employed,Female,33,Approved
499,LN499,28353,None,346483,60,191,Employed,Female,36,Rejected
